<?xml version="1.0" encoding="utf-8" ?>
<dwsync>
<file name="site.php" server="114.111.156.132/public_html/development/" local="130308232521250465" remote="130308521400000000" Dst="0" />
<file name="site.php" server="114.111.156.132//public_html/development/" local="130250204061127306" remote="130263202800000000" Dst="-1" />
<file name="site.php" server="144.76.219.195" local="130340881495512752" remote="130340885400000000" Dst="0" />
<file name="site.php" server="144.76.219.195/public_html/" local="130343245885006927" remote="130343245800000000" Dst="0" />
<file name="site.php" server="144.76.219.195/public_html/spareparts/" local="130349481143691421" remote="130349485200000000" Dst="0" />
<file name="site.php" server="148.251.2.43/public_html/development/" local="130650913388300662" remote="130650915600000000" Dst="0" />
<file name="site.php" server="148.251.2.43/public_html/" local="130650913388300662" remote="130656302400000000" Dst="0" />
<file name="site.php" server="185.61.152.12/public_html/development/" local="130728714937848055" remote="130728474600000000" Dst="0" />
</dwsync>